fold,best_val_loss,final_train_loss,final_val_loss,epochs_trained
1,0.3478383421897888,0.29177703927544985,0.34876285791397094,26
2,0.32335440516471864,0.28905419742359834,0.32235620021820066,30
3,0.3153322160243988,0.3185573009883656,0.3145235240459442,30
4,0.33612921833992004,0.3048778176307678,0.33612921833992004,30
5,0.3306470036506653,0.3097831939949709,0.3306470036506653,30
